File_Name,Operator,Service_Code,Line_Name,Departure_Time,Distance,Run_Time,Number_of_Stops
1046-None--SCSO-Chichester-2026-07-13-CR_260713r__SCSO_PK0002571_21_20260713-BODS_V1_1.xml,Stagecoach South,PK0002571:21,46,07:35:00,437,PT0M0S,264
1050-None--SCSO-Chichester-2026-07-13-CR_260713r__SCSO_PK0002571_22_20260713-BODS_V1_1.xml,Stagecoach South,PK0002571:22,50,07:00:00,437,PT0M0S,109
1051-None--SCSO-Chichester-2026-07-13-CR_260713r__SCSO_PK0002571_23_20260713-BODS_V1_1.xml,Stagecoach South,PK0002571:23,51,07:15:00,721,PT0M0S,3854
1052-None--SCSO-Chichester-2026-07-13-CR_260713r__SCSO_PK0002571_24_20260713-BODS_V1_1.xml,Stagecoach South,PK0002571:24,52,08:25:00,399,PT0M0S,3488
1054-None--SCSO-Chichester-2026-07-13-CR_260713r__SCSO_PK0002571_85_20260713-BODS_V1_1.xml,Stagecoach South,PK0002571:85,54,06:00:00,346,PT0M0S,1240
1055-None--SCSO-Chichester-2026-07-13-CR_260713r__SCSO_PK0002571_25_20260713-BODS_V1_1.xml,Stagecoach South,PK0002571:25,55,07:00:00,157,PT0M0S,1073
1056-None--SCSO-Chichester-2026-07-13-CR_260713r__SCSO_PK0002571_26_20260713-BODS_V1_1.xml,Stagecoach South,PK0002571:26,56,07:05:00,549,PT0M0S,1648
1060-None--SCSO-Chichester-2026-07-13-CR_260713r__SCSO_PK0002571_27_20260713-BODS_V1_1.xml,Stagecoach South,PK0002571:27,60,05:45:00,385,PT0M0S,1211
1061-None--SCSO-Chichester-2026-07-13-CR_260713r__SCSO_PK0002571_28_20260713-BODS_V1_1.xml,Stagecoach South,PK0002571:28,61,09:38:00,316,PT0M0S,255
1062-None--SCSO-Chichester-2026-07-13-CR_260713r__SCSO_PK0002571_29_20260713-BODS_V1_1.xml,Stagecoach South,PK0002571:29,62,09:00:00,308,PT0M0S,469
1063-None--SCSO-Chichester-2026-07-13-CR_260713r__SCSO_PK0002571_30_20260713-BODS_V1_1.xml,Stagecoach South,PK0002571:30,63,07:05:00,497,PT0M0S,729
1069-None--SCSO-Chichester-2026-07-13-CR_260713r__SCSO_PK0002571_67_20260713-BODS_V1_1.xml,Stagecoach South,PK0002571:67,69,05:05:00,285,PT0M0S,718
1092-None--SCSO-Chichester-2026-07-13-CR_260713r__SCSO_PK0002571_86_20260713-BODS_V1_1.xml,Stagecoach South,PK0002571:86,91,07:07:00,568,PT0M0S,1126
1422-None--SCSO-Chichester-2026-07-13-CR_260713r__SCSO_PK0002571_70_20260713-BODS_V1_1.xml,Stagecoach South,PK0002571:70,422,07:40:00,995,PT0M0S,271
1500-None--SCSO-Chichester-2026-07-13-CR_260713r__SCSO_PK0002571_105_20260713-BODS_V1_1.xml,Stagecoach South,PK0002571:105,500,07:05:00,727,PT0M0S,2895
1600-None--SCSO-Chichester-2026-07-13-CR_260713r__SCSO_PK0002571_65_20260713-BODS_V1_1.xml,Stagecoach South,PK0002571:65,600,07:15:00,238,PT0M0S,3100
1614-None--SCSO-Chichester-2026-07-13-CR_260713r__SCSO_PK0002571_56_20260713-BODS_V1_1.xml,Stagecoach South,PK0002571:56,614,07:38:00,1439,PT0M0S,405
1615-None--SCSO-Chichester-2026-07-13-CR_260713r__SCSO_PK0002571_93_20260713-BODS_V1_1.xml,Stagecoach South,PK0002571:93,615,07:59:00,277,PT0M0S,231
1658-None--SCSO-Chichester-2026-07-13-CR_260713r__SCSO_PK0002571_112_20260713-BODS_V1_1.xml,Stagecoach South,PK0002571:112,658,07:37:00,278,PT0M0S,166
1700-None--SCSO-Chichester-2026-07-13-CR_260713r__SCSO_PK0002571_53_20260713-BODS_V1_1.xml,Stagecoach South,PK0002571:53,700,05:10:00,724,PT0M0S,7859
1707-None--SCSO-Chichester-2026-07-13-CR_260713r__SCSO_PK0002571_44_20260713-BODS_V1_1.xml,Stagecoach South,PK0002571:44,707,06:05:00,41,PT0M0S,1867
1800-None--SCSO-CR-2025-05-28-CR_240331.__SCSO_PK0002571_99_20260218-BODS_V1_1.xml,Stagecoach South,PK0002571:99,FP1,10:15:00,3309,PT0M0S,11
1900-None--SCSO-Events-2025-05-28-Event_Routes__SCSO_PK0002571_39_20260501-BODS_V1_1.xml,Stagecoach South,PK0002571:39,900,10:00:00,8291,PT0M0S,11
1902-None--SCSO-Events-2025-05-28-Event_Routes__SCSO_PK0002571_40_20260501-BODS_V1_1.xml,Stagecoach South,PK0002571:40,902,07:00:00,8415,PT0M0S,20
1912-None--SCSO-Events-2025-05-28-Event_Routes__SCSO_PK0002571_60_20260501-BODS_V1_1.xml,Stagecoach South,PK0002571:60,912,16:20:00,14629,PT0M0S,20
1913-None--SCSO-Events-2025-05-28-Event_Routes__SCSO_PK0002571_61_20260501-BODS_V1_1.xml,Stagecoach South,PK0002571:61,913,16:30:00,16592,PT0M0S,20
1914-None--SCSO-Events-2025-05-28-Event_Routes__SCSO_PK0002571_62_20260501-BODS_V1_1.xml,Stagecoach South,PK0002571:62,914,16:05:00,2740,PT0M0S,30
1915-None--SCSO-Events-2025-05-28-Event_Routes__SCSO_PK0002571_63_20260501-BODS_V1_1.xml,Stagecoach South,PK0002571:63,915,16:15:00,4606,PT0M0S,29
1916-None--SCSO-Events-2025-05-28-Event_Routes__SCSO_PH0005857_308_20260501-BODS_V1_1.xml,Stagecoach South,PH0005857:308,916,16:15:00,2748,PT0M0S,50
1917-None--SCSO-Events-2025-05-28-Event_Routes__SCSO_PK0002571_104_20260501-BODS_V1_1.xml,Stagecoach South,PK0002571:104,917,16:05:00,14006,PT0M0S,30
1971-None--SCSO-CR-2025-05-28-CR_240331.__SCSO_PK0002571_91_20261107-BODS_V1_1.xml,Stagecoach South,PK0002571:91,971,17:00:00,3568,PT0M0S,10
1971-None--SCSO-Events-2025-05-28-Event_Routes__SCSO_PK0002571_91_20250627-BODS_V1_1.xml,Stagecoach South,PK0002571:91,971,17:00:00,3568,PT0M0S,10
2012-None--SCSO-PM-2025-10-26-PM251026_v19_Reports__SCSO_PH0005857_309_20260222-BODS_V1_1.xml,Stagecoach South,PH0005857:309,12,09:30:00,127,PT0M0S,196
2013-None--SCSO-Portsmouth-2026-06-29-PM251026_v19_Reports2__SCSO_PH0005857_310_20260713-BODS_V1_1.xml,Stagecoach South,PH0005857:310,13,08:55:00,249,PT0M0S,1028
2013-None--SCSO-Portsmouth-2026-07-18-PM251026_v19_Reports2__SCSO_PH0005857_310_20260718-BODS_V1_1.xml,Stagecoach South,PH0005857:310,13,08:55:00,249,PT0M0S,1028
2013-None--SCSO-Portsmouth-2026-08-02-PM260802__SCSO_PH0005857_310_20260802-BODS_V1_1.xml,Stagecoach South,PH0005857:310,13,08:55:00,249,PT0M0S,1038
2018-None--SCSO-Portsmouth-2025-10-26-PM251026_v19_Reports2__SCSO_PH0005857_311_20260718-BODS_V1_1.xml,Stagecoach South,PH0005857:311,18,04:40:00,177,PT0M0S,1879
2018-None--SCSO-Portsmouth-2026-06-29-PM251026_v19_Reports2__SCSO_PH0005857_311_20260701-BODS_V1_1.xml,Stagecoach South,PH0005857:311,18,04:40:00,177,PT0M0S,1902
2019-None--SCSO-Portsmouth-2026-06-29-PM251026_v19_Reports2__SCSO_PH0005857_325_20260713-BODS_V1_1.xml,Stagecoach South,PH0005857:325,19,05:00:00,765,PT0M0S,2280
2019-None--SCSO-Portsmouth-2026-07-18-PM251026_v19_Reports2__SCSO_PH0005857_325_20260718-BODS_V1_1.xml,Stagecoach South,PH0005857:325,19,05:00:00,765,PT0M0S,2280
2019-None--SCSO-Portsmouth-2026-08-02-PM260802__SCSO_PH0005857_325_20260802-BODS_V1_1.xml,Stagecoach South,PH0005857:325,19,05:00:00,765,PT0M0S,2362
2020-None--SCSO-Portsmouth-2026-06-29-PM251026_v19_Reports2__SCSO_PH0005857_124_20260713-BODS_V1_1.xml,Stagecoach South,PH0005857:124,20,06:05:00,848,PT0M0S,1950
2020-None--SCSO-Portsmouth-2026-07-18-PM251026_v19_Reports2__SCSO_PH0005857_124_20260718-BODS_V1_1.xml,Stagecoach South,PH0005857:124,20,06:05:00,848,PT0M0S,1950
2020-None--SCSO-Portsmouth-2026-08-02-PM260802__SCSO_PH0005857_124_20260802-BODS_V1_1.xml,Stagecoach South,PH0005857:124,20,06:05:00,848,PT0M0S,2994
2021-None--SCSO-Portsmouth-2026-06-29-PM251026_v19_Reports2__SCSO_PH0005857_125_20260713-BODS_V1_1.xml,Stagecoach South,PH0005857:125,21,07:17:00,491,PT0M0S,1603
2021-None--SCSO-Portsmouth-2026-07-18-PM251026_v19_Reports2__SCSO_PH0005857_125_20260718-BODS_V1_1.xml,Stagecoach South,PH0005857:125,21,07:17:00,491,PT0M0S,1777
2021-None--SCSO-Portsmouth-2026-08-02-PM260802__SCSO_PH0005857_125_20260802-BODS_V1_1.xml,Stagecoach South,PH0005857:125,21,07:48:00,491,PT0M0S,1395
2022-None--SCSO-PM-2025-10-26-PM251026_v19_Reports__SCSO_PH0005857_327_20260222-BODS_V1_1.xml,Stagecoach South,PH0005857:327,22,05:30:00,772,PT0M0S,482
2023-None--SCSO-Portsmouth-2025-10-26-PM251026_v19_Reports2__SCSO_PH0005857_126_20260718-BODS_V1_1.xml,Stagecoach South,PH0005857:126,23,05:00:00,622,PT0M0S,4442
2023-None--SCSO-Portsmouth-2026-06-29-PM251026_v19_Reports2__SCSO_PH0005857_126_20260701-BODS_V1_1.xml,Stagecoach South,PH0005857:126,23,05:00:00,622,PT0M0S,4405
2025-None--SCSO-PM-2025-10-26-PM251026_v19_Reports__SCSO_PH0005857_312_20260222-BODS_V1_1.xml,Stagecoach South,PH0005857:312,25,08:20:00,215,PT0M0S,628
2027-None--SCSO-PM-2025-10-26-PM251026_v19_Reports__SCSO_PH0005857_313_20260222-BODS_V1_1.xml,Stagecoach South,PH0005857:313,27,09:05:00,491,PT0M0S,466
2030-None--SCSO-PM-2025-10-26-PM251026_v19_Reports__SCSO_PH0005857_128_20260222-BODS_V1_1.xml,Stagecoach South,PH0005857:128,30,06:05:00,244,PT0M0S,2440
2037-None--SCSO-PM-2025-10-26-PM251026_v19_Reports__SCSO_PH0005857_129_20260222-BODS_V1_1.xml,Stagecoach South,PH0005857:129,37,06:12:00,787,PT0M0S,2574
2038-2938-None--SCSO-Portsmouth-2026-06-29-PM251026_v19_Reports2__SCSO_PH0005857_130_20260709-BODS_V1_1.xml,Stagecoach South,PH0005857:130,38,16:45:00,410,PT0M0S,2295
2038-2938-None--SCSO-Portsmouth-2026-07-23-PM251026_v19_Reports2__SCSO_PH0005857_130_20260723-BODS_V1_1.xml,Stagecoach South,PH0005857:130,38,07:05:00,410,PT0M0S,1703
2039-None--SCSO-PM-2025-10-26-PM251026_v19_Reports__SCSO_PH0005857_131_20260222-BODS_V1_1.xml,Stagecoach South,PH0005857:131,39,07:30:00,890,PT0M0S,4882
2051-None--SCSO-PM-2025-10-26-PM251026_v19_Reports__SCSO_PH0005857_314_20260222-BODS_V1_1.xml,Stagecoach South,PH0005857:314,D1,07:35:00,735,PT0M0S,552
2632-None--SCSO-PM-2025-10-26-PM251026_v19_Reports__SCSO_PH0005857_331_20260222-BODS_V1_1.xml,Stagecoach South,PH0005857:331,632,07:05:00,682,PT0M0S,635
2652-None--SCSO-PM-2025-10-26-PM251026_v19_Reports__SCSO_PH0005857_323_20260222-BODS_V1_1.xml,Stagecoach South,PH0005857:323,652,07:35:00,231,PT0M0S,230
2654-None--SCSO-PM-2025-10-26-PM251026_v19_Reports__SCSO_PH0005857_324_20260222-BODS_V1_1.xml,Stagecoach South,PH0005857:324,654,08:21:00,231,PT0M0S,266
2700-None--SCSO-Chichester-2025-10-26-PM251026_v19_Reports2__SCSO_PH0005857_135_20260709-BODS_V1_1.xml,Stagecoach South,PH0005857:135,700,06:25:00,373,PT0M0S,4012
2725-None--SCSO-Portsmouth-2025-10-26-PM251026_v19_Reports2__SCSO_PK0002571_68_20260718-BODS_V1_1.xml,Stagecoach South,PK0002571:68,725,05:35:00,214,PT0M0S,346
2725-None--SCSO-Portsmouth-2026-06-29-PM251026_v19_Reports2__SCSO_PK0002571_68_20260702-BODS_V1_1.xml,Stagecoach South,PK0002571:68,725,05:35:00,214,PT0M0S,341
2737-None--SCSO-PM-2025-10-26-PM251026_v19_Reports__SCSO_PH0005857_136_20260222-BODS_V1_1.xml,Stagecoach South,PH0005857:136,737,07:35:00,474,PT0M0S,656
2998-None--SCSO-Portsmouth-2025-05-28-Event_Routes__SCSO_PH0005857_335_20260828-BODS_V1_1.xml,Stagecoach South,PH0005857:335,Victorious,07:00:00,8643,PT0M0S,10
3001-None--SCSO-Worthing-2025-11-24-WG251124__SCSO_PK0002571_45_20260514-BODS_V1_1.xml,Stagecoach South,PK0002571:45,1,07:05:00,50,PT0M0S,3726
3005-None--SCSO-Worthing-2025-11-24-WG251124__SCSO_PK0002571_46_20260516-BODS_V1_1.xml,Stagecoach South,PK0002571:46,5,06:40:00,415,PT0M0S,1198
3009-None--SCSO-Worthing-2025-11-24-WG251124__SCSO_PK0002571_48_20260520-BODS_V1_1.xml,Stagecoach South,PK0002571:48,9,06:34:00,563,PT0M0S,6455
3010-None--SCSO-Worthing-2025-11-24-WG251124__SCSO_PK0002571_49_20260520-BODS_V1_1.xml,Stagecoach South,PK0002571:49,10,08:17:00,439,PT0M0S,1712
3011-None--SCSO-Worthing-2025-11-24-WG251124__SCSO_PK0002571_118_20260131-BODS_V1_1.xml,Stagecoach South,PK0002571:118,11,07:15:00,370,PT0M0S,2036
3017-None--SCSO-Worthing-2026-06-01-WG260601__SCSO_PK0002571_50_20260601-BODS_V1_1.xml,Stagecoach South,PK0002571:50,17,07:57:00,825,PT0M0S,7184
3700-None--SCSO-Worthing-2025-11-25-WG251124__SCSO_PK0002571_116_20251124-BODS_V1_1.xml,Stagecoach South,PK0002571:116,700,04:45:00,410,PT0M0S,11858
3701-None--SCSO-Worthing-2025-11-24-WG251124__SCSO_PK0002571_117_20260323-BODS_V1_1.xml,Stagecoach South,PK0002571:117,701,05:45:00,285,PT0M0S,7283
3777-None--SCSO-Worthing-2025-11-25-WG251124__SCSO_PK0002571_54_20251124-BODS_V1_1.xml,Stagecoach South,PK0002571:54,N700,00:25:00,848,PT0M0S,1332
4007-None--SCSO-Durrington-2025-08-19-TXC_7_SDE_PK_4007_20220102__SCSO_PK0002571_47_20260516-BODS_V1_1.xml,Stagecoach South,PK0002571:47,7,07:37:00,367,PT0M0S,1729
5001-None--SCSO-GD-2026-06-07-GD260607v1__SCSO_PK0002571_87_20260615-BODS_V1_1.xml,Stagecoach South,PK0002571:87,1,07:25:00,1033,PT0M0S,341
5001-None--SCSO-GD-2026-06-07-GD260607v1__SCSO_PK0002571_87_20260920-BODS_V1_1.xml,Stagecoach South,PK0002571:87,1,00:15:00,1033,PT0M0S,493
5002-None--SCSO-GD-2026-03-30-GD260419__SCSO_PK0002571_100_20260531-BODS_V1_1.xml,Stagecoach South,PK0002571:100,2,07:25:00,382,PT0M0S,547
5002-None--SCSO-GD-2026-06-07-GD260607v1__SCSO_PK0002571_100_20260719-BODS_V1_1.xml,Stagecoach South,PK0002571:100,2,07:25:00,382,PT0M0S,547
5006-None--SCSO-GD-2026-03-30-GD260419__SCSO_PK0002571_94_20260531-BODS_V1_1.xml,Stagecoach South,PK0002571:94,6,07:20:00,357,PT0M0S,1185
5006-None--SCSO-GD-2026-06-07-GD260607v1__SCSO_PK0002571_94_20260719-BODS_V1_1.xml,Stagecoach South,PK0002571:94,6,07:20:00,357,PT0M0S,1185
5007-None--SCSO-GD-2026-03-30-GD260419__SCSO_PK0002571_101_20260531-BODS_V1_1.xml,Stagecoach South,PK0002571:101,7,06:50:00,384,PT0M0S,1030
5007-None--SCSO-GD-2026-06-07-GD260607v1__SCSO_PK0002571_101_20260719-BODS_V1_1.xml,Stagecoach South,PK0002571:101,7,06:50:00,384,PT0M0S,1030
5034-None--SCSO-GD-2026-03-30-GD260419__SCSO_PK0002571_98_20260531-BODS_V1_1.xml,Stagecoach South,PK0002571:98,34,06:09:00,792,PT0M0S,6589
5034-None--SCSO-GD-2026-06-07-GD260607v1__SCSO_PK0002571_98_20260719-BODS_V1_1.xml,Stagecoach South,PK0002571:98,34,06:09:00,792,PT0M0S,6589
5046-None--SCSO-GD-2026-03-30-GD260419__SCSO_PK0002571_119_20260531-BODS_V1_1.xml,Stagecoach South,PK0002571:119,46,06:00:00,793,PT0M0S,1888
5046-None--SCSO-GD-2026-06-07-GD260607v1__SCSO_PK0002571_119_20260719-BODS_V1_1.xml,Stagecoach South,PK0002571:119,46,06:00:00,793,PT0M0S,1594
5047-None--SCSO-GD-2026-03-30-GD260419__SCSO_PK0002571_97_20260531-BODS_V1_1.xml,Stagecoach South,PK0002571:97,47,06:12:00,494,PT0M0S,173
5047-None--SCSO-GD-2026-06-07-GD260607v1__SCSO_PK0002571_97_20260719-BODS_V1_1.xml,Stagecoach South,PK0002571:97,47,06:12:00,494,PT0M0S,173
5053-None--SCSO-GD-2026-03-30-GD260419__SCSO_PK0002571_95_20260531-BODS_V1_1.xml,Stagecoach South,PK0002571:95,53,07:02:00,804,PT0M0S,3378
5053-None--SCSO-GD-2026-06-07-GD260607v1__SCSO_PK0002571_95_20260719-BODS_V1_1.xml,Stagecoach South,PK0002571:95,53,07:02:00,804,PT0M0S,3272
5065-None--SCSO-GD-2026-03-30-GD260419__SCSO_PK0002571_226_20260531-BODS_V1_1.xml,Stagecoach South,PK0002571:226,65,07:50:00,259,PT0M0S,1254
5065-None--SCSO-GD-2026-06-07-GD260607v1__SCSO_PK0002571_226_20260719-BODS_V1_1.xml,Stagecoach South,PK0002571:226,65,07:50:00,259,PT0M0S,1254
5065-None--SCSO-GD-2026-07-27-GD260727__SCSO_PK0002571_226_20260727-BODS_V1_1.xml,Stagecoach South,PK0002571:226,65,07:50:00,259,PT0M0S,1370
5070-None--SCSO-GD-2026-03-30-GD260419__SCSO_PK0002571_121_20260531-BODS_V1_1.xml,Stagecoach South,PK0002571:121,70,09:45:00,731,PT0M0S,6588
5070-None--SCSO-GD-2026-06-07-GD260607v1__SCSO_PK0002571_121_20260719-BODS_V1_1.xml,Stagecoach South,PK0002571:121,70,09:45:00,731,PT0M0S,6298
5091-None--SCSO-GD-2026-03-30-GD260419__SCSO_PK0002571_96_20260531-BODS_V1_1.xml,Stagecoach South,PK0002571:96,28,06:15:00,336,PT0M0S,1310
5091-None--SCSO-GD-2026-06-07-GD260607v1__SCSO_PK0002571_96_20260719-BODS_V1_1.xml,Stagecoach South,PK0002571:96,91,06:15:00,336,PT0M0S,1310
5300-None--SCSO-GD-2026-03-30-GD260419__SCSO_PK0002571_120_20260531-BODS_V1_1.xml,Stagecoach South,PK0002571:120,300,07:30:00,408,PT0M0S,241
5300-None--SCSO-GD-2026-06-07-GD260607v1__SCSO_PK0002571_120_20260719-BODS_V1_1.xml,Stagecoach South,PK0002571:120,300,07:30:00,408,PT0M0S,241
5471-None--SCSO-GD-2026-03-30-GD260330__SCSO_PK0002571_124_20260419-BODS_V1_1.xml,Stagecoach South,PK0002571:124,471,07:43:00,355,PT0M0S,242
5501-None--SCSO-GD-2026-03-30-GD260330__SCSO_PK0002571_106_20260419-BODS_V1_1.xml,Stagecoach South,PK0002571:106,SP1,07:32:00,522,PT0M0S,281
5502-None--SCSO-GD-2026-03-30-GD260330__SCSO_PK0002571_107_20260419-BODS_V1_1.xml,Stagecoach South,PK0002571:107,SP2,07:22:00,343,PT0M0S,355
5503-None--SCSO-GD-2026-03-30-GD260330__SCSO_PK0002571_108_20260419-BODS_V1_1.xml,Stagecoach South,PK0002571:108,SP3,07:20:00,613,PT0M0S,328
5504-None--SCSO-GD-2026-03-30-GD260330__SCSO_PK0002571_109_20260419-BODS_V1_1.xml,Stagecoach South,PK0002571:109,SP4,07:30:00,456,PT0M0S,251
6001-None--SCSO-AL-2026-03-30-AT260412_v2__SCSO_PH0005857_60_20260531-BODS_V1_1.xml,Stagecoach South,PH0005857:60,1,05:00:00,514,PT0M0S,7786
6001-None--SCSO-AL-2026-03-30-AT260531__SCSO_PH0005857_60_20260719-BODS_V1_1.xml,Stagecoach South,PH0005857:60,1,05:00:00,514,PT0M0S,7374
6002-None--SCSO-AL-2026-03-30-AT260412_v2__SCSO_PH0005857_59_20260531-BODS_V1_1.xml,Stagecoach South,PH0005857:59,2,08:05:00,479,PT0M0S,2746
6002-None--SCSO-AL-2026-03-30-AT260531__SCSO_PH0005857_59_20260719-BODS_V1_1.xml,Stagecoach South,PH0005857:59,2,08:05:00,479,PT0M0S,2395
6003-None--SCSO-AL-2026-03-30-AT260412_v2__SCSO_PH0005857_58_20260531-BODS_V1_1.xml,Stagecoach South,PH0005857:58,3,09:05:00,326,PT0M0S,7068
6003-None--SCSO-AL-2026-03-30-AT260531__SCSO_PH0005857_58_20260719-BODS_V1_1.xml,Stagecoach South,PH0005857:58,3,09:05:00,326,PT0M0S,6459
6005-None--SCSO-AL-2026-03-30-AT260412_v2__SCSO_PH0005857_237_20260531-BODS_V1_1.xml,Stagecoach South,PH0005857:237,4,09:55:00,659,PT0M0S,1187
6005-None--SCSO-AL-2026-03-30-AT260531__SCSO_PH0005857_237_20260719-BODS_V1_1.xml,Stagecoach South,PH0005857:237,4,09:55:00,659,PT0M0S,1187
6005-None--SCSO-AL-2026-07-27-AT260727__SCSO_PH0005857_237_20260727-BODS_V1_1.xml,Stagecoach South,PH0005857:237,4,09:55:00,659,PT0M0S,1379
6006-None--SCSO-AL-2026-03-30-AT260412_v2__SCSO_PH0005857_6_20260531-BODS_V1_1.xml,Stagecoach South,PH0005857:6,6,07:20:00,197,PT0M0S,297
6006-None--SCSO-AL-2026-03-30-AT260531__SCSO_PH0005857_6_20260719-BODS_V1_1.xml,Stagecoach South,PH0005857:6,6,07:20:00,197,PT0M0S,297
6007-None--SCSO-AL-2026-03-30-AT260412_v2__SCSO_PH0005857_262_20260531-BODS_V1_1.xml,Stagecoach South,PH0005857:262,7,06:40:00,597,PT0M0S,1686
6007-None--SCSO-AL-2026-03-30-AT260531__SCSO_PH0005857_262_20260719-BODS_V1_1.xml,Stagecoach South,PH0005857:262,7,06:40:00,597,PT0M0S,1422
6009-None--SCSO-AL-2026-03-30-AT260412_v2__SCSO_PH0005857_255_20260531-BODS_V1_1.xml,Stagecoach South,PH0005857:255,9,09:10:00,214,PT0M0S,171
6009-None--SCSO-AL-2026-03-30-AT260531__SCSO_PH0005857_255_20260719-BODS_V1_1.xml,Stagecoach South,PH0005857:255,9,09:10:00,214,PT0M0S,171
6010-None--SCSO-AL-2026-03-30-AT260531__SCSO_PH0005857_227_20260705-BODS_V1_1.xml,Stagecoach South,PH0005857:227,10,09:04:00,197,PT0M0S,3110
6010-None--SCSO-AL-2026-03-30-AT260531__SCSO_PH0005857_227_20260723-BODS_V1_1.xml,Stagecoach South,PH0005857:227,10,09:04:00,197,PT0M0S,1643
6010-None--SCSO-AL-2026-07-19-AT260719Hybridv2__SCSO_PH0005857_227_20260719-BODS_V1_1.xml,Stagecoach South,PH0005857:227,10,09:04:00,197,PT0M0S,2346
6015-None--SCSO-AL-2026-03-30-AT260412_v2__SCSO_PH0005857_75_20260531-BODS_V1_1.xml,Stagecoach South,PH0005857:75,15,08:56:00,467,PT0M0S,1197
6015-None--SCSO-AL-2026-03-30-AT260531__SCSO_PH0005857_75_20260719-BODS_V1_1.xml,Stagecoach South,PH0005857:75,15,08:56:00,467,PT0M0S,1197
6016-None--SCSO-AL-2026-03-30-AT260412_v2__SCSO_PH0005857_330_20260531-BODS_V1_1.xml,Stagecoach South,PH0005857:330,16,06:21:00,794,PT0M0S,1344
6016-None--SCSO-AL-2026-03-30-AT260531__SCSO_PH0005857_330_20260719-BODS_V1_1.xml,Stagecoach South,PH0005857:330,16,06:21:00,794,PT0M0S,832
6016-None--SCSO-AL-2026-07-27-AT260727__SCSO_PH0005857_330_20260727-BODS_V1_1.xml,Stagecoach South,PH0005857:330,16,06:21:00,794,PT0M0S,848
6018-None--SCSO-AL-2026-03-30-AT260412_v2__SCSO_PH0005857_328_20260531-BODS_V1_1.xml,Stagecoach South,PH0005857:328,18,07:42:00,355,PT0M0S,2115
6018-None--SCSO-AL-2026-03-30-AT260531__SCSO_PH0005857_328_20260719-BODS_V1_1.xml,Stagecoach South,PH0005857:328,18,07:42:00,355,PT0M0S,2115
6018-None--SCSO-AL-2026-07-27-AT260727__SCSO_PH0005857_328_20260727-BODS_V1_1.xml,Stagecoach South,PH0005857:328,18,07:42:00,355,PT0M0S,2159
6019-None--SCSO-AL-2026-03-30-AT260412_v2__SCSO_PH0005857_329_20260531-BODS_V1_1.xml,Stagecoach South,PH0005857:329,19,07:35:00,355,PT0M0S,2230
6019-None--SCSO-AL-2026-03-30-AT260531__SCSO_PH0005857_329_20260719-BODS_V1_1.xml,Stagecoach South,PH0005857:329,19,07:35:00,355,PT0M0S,2230
6019-None--SCSO-AL-2026-07-27-AT260727__SCSO_PH0005857_329_20260727-BODS_V1_1.xml,Stagecoach South,PH0005857:329,19,07:35:00,355,PT0M0S,2270
6020-None--SCSO-AL-2026-03-30-AT260412_v2__SCSO_PH0005857_44_20260531-BODS_V1_1.xml,Stagecoach South,PH0005857:44,20,06:10:00,314,PT0M0S,1321
6020-None--SCSO-AL-2026-03-30-AT260531__SCSO_PH0005857_44_20260719-BODS_V1_1.xml,Stagecoach South,PH0005857:44,20,06:10:00,314,PT0M0S,1321
6023-None--SCSO-AL-2026-03-30-AT260531__SCSO_PH0005857_267_20260628-BODS_V1_1.xml,Stagecoach South,PH0005857:267,23,08:55:00,16,PT0M0S,1873
6023-None--SCSO-AL-2026-03-30-AT260531__SCSO_PH0005857_267_20260719-BODS_V1_1.xml,Stagecoach South,PH0005857:267,23,06:18:00,17,PT0M0S,1274
6075-None--SCSO-AL-2026-03-30-AT260531__SCSO_PK0002571_92_20260716-BODS_V1_1.xml,Stagecoach South,PK0002571:92,75,07:45:00,566,PT0M0S,316
6087-None--SCSO-AL-2026-03-30-AT260412__SCSO_PK0002571_103_20260412-BODS_V1_1.xml,Stagecoach South,PK0002571:103,87,07:28:00,579,PT0M0S,158
6087-None--SCSO-AL-2026-03-30-AT260531__SCSO_PK0002571_103_20260723-BODS_V1_1.xml,Stagecoach South,PK0002571:103,87,07:28:00,579,PT0M0S,158
6087-None--SCSO-AL-2026-07-19-AT260719Hybridv2__SCSO_PK0002571_103_20260719-BODS_V1_1.xml,Stagecoach South,PK0002571:103,87,07:28:00,579,PT0M0S,158
6401-None--SCSO-AL-2026-03-30-AT260531__SCSO_PH0005857_224_20260716-BODS_V1_1.xml,Stagecoach South,PH0005857:224,401,07:48:00,248,PT0M0S,385
6404-None--SCSO-AL-2026-03-30-AT260531__SCSO_PH0005857_222_20260705-BODS_V1_1.xml,Stagecoach South,PH0005857:222,418,07:46:00,336,PT0M0S,1345
6406-None--SCSO-AL-2026-03-30-AT260531__SCSO_PH0005857_263_20260705-BODS_V1_1.xml,Stagecoach South,PH0005857:263,406,07:41:00,84,PT0M0S,646
6406-None--SCSO-AL-2026-07-19-AT260719Hybridv2__SCSO_PH0005857_263_20260719-BODS_V1_1.xml,Stagecoach South,PH0005857:263,406,07:41:00,84,PT0M0S,362
6415-None--SCSO-AL-2026-03-30-AT260531__SCSO_PH0005857_303_20260716-BODS_V1_1.xml,Stagecoach South,PH0005857:303,415,07:57:00,503,PT0M0S,31
6470-None--SCSO-AL-2026-03-30-AT260412__SCSO_PK0002571_122_20260412-BODS_V1_1.xml,Stagecoach South,PK0002571:122,470,07:40:00,539,PT0M0S,175
6470-None--SCSO-AL-2026-03-30-AT260531__SCSO_PK0002571_122_20260723-BODS_V1_1.xml,Stagecoach South,PK0002571:122,470,07:40:00,539,PT0M0S,175
6470-None--SCSO-AL-2026-07-19-AT260719Hybridv2__SCSO_PK0002571_122_20260719-BODS_V1_1.xml,Stagecoach South,PK0002571:122,470,07:40:00,539,PT0M0S,175
6694-None--SCSO-AL-2026-03-30-AT260531__SCSO_PK0002571_123_20260716-BODS_V1_1.xml,Stagecoach South,PK0002571:123,694,07:42:00,360,PT0M0S,141
6965-None--SCSO-AL-2026-03-30-AT260531__SCSO_PH0005857_119_20260628-BODS_V1_1.xml,Stagecoach South,PH0005857:119,65X,08:30:00,318,PT0M0S,465
7001-None--SCSO-Andover-2025-08-31-AR_12Jan26_ongoing__SCSO_PH0005857_137_20260618-BODS_V1_1.xml,Stagecoach South,PH0005857:137,1,08:30:00,516,PT0M0S,598
7002-None--SCSO-Andover-2025-08-31-AR_12Jan26_ongoing__SCSO_PH0005857_315_20260618-BODS_V1_1.xml,Stagecoach South,PH0005857:315,2,08:06:00,512,PT0M0S,550
7003-None--SCSO-Andover-2025-08-31-AR_12Jan26_ongoing__SCSO_PH0005857_316_20260618-BODS_V1_1.xml,Stagecoach South,PH0005857:316,3,08:09:00,306,PT0M0S,1692
7004-None--SCSO-Andover-2025-08-31-AR_12Jan26_ongoing__SCSO_PH0005857_317_20260618-BODS_V1_1.xml,Stagecoach South,PH0005857:317,4,07:03:00,296,PT0M0S,1034
7005-None--SCSO-Andover-2025-08-31-AR_12Jan26_ongoing__SCSO_PH0005857_287_20260618-BODS_V1_1.xml,Stagecoach South,PH0005857:287,5,07:05:00,591,PT0M0S,805
7008-None--SCSO-Andover-2025-08-31-AR_12Jan26_ongoing__SCSO_PH0005857_143_20260618-BODS_V1_1.xml,Stagecoach South,PH0005857:143,8,06:55:00,624,PT0M0S,12471
7066_7067-None--SCSO-Andover-2025-08-31-AR_12Jan26_ongoing__SCSO_PH0005857_264_20260618-BODS_V1_1.xml,Stagecoach South,PH0005857:264,66,07:31:00,231,PT0M0S,3865
7073-None--SCSO-Andover-2025-08-31-AR_12Jan26_ongoing__SCSO_PH0005857_320_20260618-BODS_V1_1.xml,Stagecoach South,PH0005857:320,73,07:20:00,220,PT0M0S,520
7074_7075-None--SCSO-Andover-2025-08-31-AR_12Oct25__SCSO_PH0005857_321_20260612-BODS_V1_1.xml,Stagecoach South,PH0005857:321,75,07:45:00,430,PT0M0S,1191
7076_7676-None--SCSO-Andover-2025-08-31-AR_12Jan26_ongoing__SCSO_PH0005857_319_20260618-BODS_V1_1.xml,Stagecoach South,PH0005857:319,76,07:30:00,473,PT0M0S,2596
7087-None--SCSO-Andover-2025-08-31-AR_12Jan26_ongoing__SCSO_PH0005857_277_20260618-BODS_V1_1.xml,Stagecoach South,PH0005857:277,87,08:50:00,645,PT0M0S,1708
7201-None--SCSO-Andover-2025-08-31-AR_12Jan26_ongoing__SCSO_PH0005857_265_20260618-BODS_V1_1.xml,Stagecoach South,PH0005857:265,201,07:30:00,173,PT0M0S,146
8001-None--SCSO-BE-2026-01-11-BE260111v10_Reports__SCSO_PH0005857_188_20260205-BODS_V1_1.xml,Stagecoach South,PH0005857:188,1,08:27:00,759,PT0M0S,1360
8002-None--SCSO-BE-2026-01-11-BE260111v10_Reports__SCSO_PH0005857_189_20260205-BODS_V1_1.xml,Stagecoach South,PH0005857:189,2,07:55:00,569,PT0M0S,3114
8003-None--SCSO-BE-2026-01-11-BE260111v10_Reports__SCSO_PH0005857_190_20260205-BODS_V1_1.xml,Stagecoach South,PH0005857:190,3,08:38:00,712,PT0M0S,643
8004-None--SCSO-BE-2026-01-11-BE260111v10_Reports__SCSO_PH0005857_212_20260205-BODS_V1_1.xml,Stagecoach South,PH0005857:212,4,06:10:00,738,PT0M0S,1497
8005-None--SCSO-BE-2026-01-11-BE260111v10_Reports__SCSO_PH0005857_192_20260205-BODS_V1_1.xml,Stagecoach South,PH0005857:192,5,08:13:00,610,PT0M0S,515
8006-None--SCSO-BE-2026-01-11-BE260111v10_Reports__SCSO_PH0005857_332_20260205-BODS_V1_1.xml,Stagecoach South,PH0005857:332,6,07:37:00,611,PT0M0S,614
8007-None--SCSO-BE-2026-01-11-BE260111v10_Reports__SCSO_PH0005857_194_20260205-BODS_V1_1.xml,Stagecoach South,PH0005857:194,7,08:00:00,698,PT0M0S,1061
8008-None--SCSO-BE-2026-01-11-BE260111v10_Reports__SCSO_PH0005857_195_20260205-BODS_V1_1.xml,Stagecoach South,PH0005857:195,8,07:56:00,563,PT0M0S,1399
8009-None--SCSO-BE-2026-01-11-BE260111v10_Reports__SCSO_PH0005857_333_20260205-BODS_V1_1.xml,Stagecoach South,PH0005857:333,9,09:08:00,638,PT0M0S,536
8010-None--SCSO-BE-2026-01-11-BE260111v10_Reports__SCSO_PH0005857_220_20260205-BODS_V1_1.xml,Stagecoach South,PH0005857:220,10,06:39:00,264,PT0M0S,564
8011-None--SCSO-BE-2026-01-11-BE260111v10_Reports__SCSO_PH0005857_197_20260205-BODS_V1_1.xml,Stagecoach South,PH0005857:197,11,10:35:00,735,PT0M0S,1219
8012-None--SCSO-Basingstoke-2026-01-11-BE260111v10_Reports__SCSO_PH0005857_198_20260316-BODS_V1_1.xml,Stagecoach South,PH0005857:198,12,07:00:00,846,PT0M0S,942
8013-None--SCSO-Basingstoke-2026-01-11-BE260111v10_Reports__SCSO_PH0005857_120_20260702-BODS_V1_1.xml,Stagecoach South,PH0005857:120,13,07:58:00,3675,PT0M0S,4120
8014-None--SCSO-BE-2026-01-11-BE260111v10_Reports__SCSO_PH0005857_199_20260205-BODS_V1_1.xml,Stagecoach South,PH0005857:199,14,06:21:00,591,PT0M0S,2326
8015-None--SCSO-BE-2026-01-11-BE260111v10_Reports__SCSO_PH0005857_213_20260205-BODS_V1_1.xml,Stagecoach South,PH0005857:213,15,09:47:00,500,PT0M0S,70
8016-None--SCSO-BE-2026-01-11-BE260111v10_Reports__SCSO_PH0005857_234_20260205-BODS_V1_1.xml,Stagecoach South,PH0005857:234,16,10:00:00,746,PT0M0S,189
8017-None--SCSO-BE-2026-01-11-BE260111v10_Reports__SCSO_PH0005857_266_20260205-BODS_V1_1.xml,Stagecoach South,PH0005857:266,17,07:01:00,840,PT0M0S,162
8020-None--SCSO-BE-2026-01-11-BE260111v10_Reports__SCSO_PH0005857_302_20260205-BODS_V1_1.xml,Stagecoach South,PH0005857:302,20,07:15:00,713,PT0M0S,514
8032-None--SCSO-BE-2026-01-11-BE260111v10_Reports__SCSO_PH0005857_200_20260205-BODS_V1_1.xml,Stagecoach South,PH0005857:200,32,07:40:00,588,PT0M0S,3192
8607-None--SCSO-BE-2026-01-11-BE260111v10_Reports__SCSO_PH0005857_334_20260205-BODS_V1_1.xml,Stagecoach South,PH0005857:334,607,07:35:00,200,PT0M0S,197
8655-None--SCSO-BE-2026-01-11-BE260111v10_Reports__SCSO_PH0005857_202_20260205-BODS_V1_1.xml,Stagecoach South,PH0005857:202,655,07:22:00,204,PT0M0S,325
8657-None--SCSO-BE-2026-01-11-BE260111v10_Reports__SCSO_PH0005857_204_20260205-BODS_V1_1.xml,Stagecoach South,PH0005857:204,657,08:07:00,200,PT0M0S,395
9002-None--SCSO-Winchester-2025-09-14-Winchester_01Jun26_live__SCSO_PH0005857_156_20260612-BODS_V1_1.xml,Stagecoach South,PH0005857:156,2,08:15:00,167,PT0M0S,2180
9002-None--SCSO-Winchester-2025-09-14-Winchester_23July26__SCSO_PH0005857_156_20260723-BODS_V1_1.xml,Stagecoach South,PH0005857:156,2,08:15:00,167,PT0M0S,2180
9003-None--SCSO-Winchester-2025-09-14-Winchester_01Jun26_live__SCSO_PH0005857_123_20260612-BODS_V1_1.xml,Stagecoach South,PH0005857:123,3,07:45:00,163,PT0M0S,1409
9003-None--SCSO-Winchester-2025-09-14-Winchester_23July26__SCSO_PH0005857_123_20260723-BODS_V1_1.xml,Stagecoach South,PH0005857:123,3,07:45:00,351,PT0M0S,1281
9003-None--SCSO-Winchester-2025-09-14-Winchester_30Aug26__SCSO_PH0005857_123_20260830-BODS_V1_1.xml,Stagecoach South,PH0005857:123,3,07:45:00,163,PT0M0S,2033
9004-None--SCSO-Winchester-2025-09-14-Winchester_01Jun26_live_(2)__SCSO_PH0005857_158_20260606-BODS_V1_1.xml,Stagecoach South,PH0005857:158,4,08:48:00,167,PT0M0S,124
9005-None--SCSO-Winchester-2025-09-14-Winchester_01Jun26_live__SCSO_PH0005857_159_20260612-BODS_V1_1.xml,Stagecoach South,PH0005857:159,5,07:40:00,377,PT0M0S,3514
9005-None--SCSO-Winchester-2025-09-14-Winchester_23July26__SCSO_PH0005857_159_20260723-BODS_V1_1.xml,Stagecoach South,PH0005857:159,5,07:40:00,377,PT0M0S,2574
9005-None--SCSO-Winchester-2025-09-14-Winchester_30Aug26__SCSO_PH0005857_159_20260830-BODS_V1_1.xml,Stagecoach South,PH0005857:159,5,07:40:00,377,PT0M0S,4072
9006-None--SCSO-Winchester-2025-09-14-Winchester_01Jun26_live__SCSO_PH0005857_160_20260612-BODS_V1_1.xml,Stagecoach South,PH0005857:160,6,08:30:00,366,PT0M0S,1483
9006-None--SCSO-Winchester-2025-09-14-Winchester_23July26__SCSO_PH0005857_160_20260723-BODS_V1_1.xml,Stagecoach South,PH0005857:160,6,08:30:00,366,PT0M0S,1483
9006-None--SCSO-Winchester-2025-09-14-Winchester_30Aug26__SCSO_PH0005857_160_20260830-BODS_V1_1.xml,Stagecoach South,PH0005857:160,6,08:30:00,366,PT0M0S,1863
9007-None--SCSO-Winchester-2025-09-14-Winchester_01Jun26_withdraw__SCSO_PH0005857_161_20260626-BODS_V1_1.xml,Stagecoach South,PH0005857:161,7,07:30:00,355,PT0M0S,1703
9007-None--SCSO-Winchester-2025-09-14-Winchester_23July26__SCSO_PH0005857_161_20260723-BODS_V1_1.xml,Stagecoach South,PH0005857:161,7,07:30:00,355,PT0M0S,1333
9007-None--SCSO-Winchester-2025-09-14-Winchester_30Aug26__SCSO_PH0005857_341_20260830-BODS_V1_1.xml,Stagecoach South,PH0005857:341,7,07:20:00,336,PT0M0S,685
9011-None--SCSO-Winchester-2025-09-14-Winchester_23July26__SCSO_PH0005857_158_20260723-BODS_V1_1.xml,Stagecoach South,PH0005857:158,4,08:48:00,167,PT0M0S,108
9011-None--SCSO-Winchester-2025-09-14-Winchester_30Aug26__SCSO_PH0005857_158_20260830-BODS_V1_1.xml,Stagecoach South,PH0005857:158,11,08:48:00,167,PT0M0S,124
9016-None--SCSO-Winchester-2025-09-14-Winchester_01Jun26_live_(2)__SCSO_PH0005857_297_20260606-BODS_V1_1.xml,Stagecoach South,PH0005857:297,16,07:35:00,388,PT0M0S,1005
9016-None--SCSO-Winchester-2025-09-14-Winchester_23July26__SCSO_PH0005857_297_20260723-BODS_V1_1.xml,Stagecoach South,PH0005857:297,16,08:05:00,388,PT0M0S,857
9016-None--SCSO-Winchester-2025-09-14-Winchester_30Aug26__SCSO_PH0005857_297_20260830-BODS_V1_1.xml,Stagecoach South,PH0005857:297,16,07:35:00,388,PT0M0S,1002
9049-None--SCSO-Winchester-2025-09-14-Winchester_01Jun26_live_(2)__SCSO_PH0005857_306_20260606-BODS_V1_1.xml,Stagecoach South,PH0005857:306,49,08:10:00,411,PT0M0S,1761
9049-None--SCSO-Winchester-2025-09-14-Winchester_23July26__SCSO_PH0005857_306_20260723-BODS_V1_1.xml,Stagecoach South,PH0005857:306,49,08:10:00,411,PT0M0S,1060
9049-None--SCSO-Winchester-2025-09-14-Winchester_30Aug26__SCSO_PH0005857_306_20260830-BODS_V1_1.xml,Stagecoach South,PH0005857:306,49,13:40:00,411,PT0M0S,1961
9064-None--SCSO-Winchester-2025-09-14-Winchester_01Jun26_live__SCSO_PH0005857_165_20260701-BODS_V1_1.xml,Stagecoach South,PH0005857:165,64,07:15:00,273,PT0M0S,4190
9064-None--SCSO-Winchester-2025-09-14-Winchester_23July26__SCSO_PH0005857_165_20260723-BODS_V1_1.xml,Stagecoach South,PH0005857:165,64,07:15:00,776,PT0M0S,2960
9064-None--SCSO-Winchester-2025-09-14-Winchester_30Aug26__SCSO_PH0005857_165_20260830-BODS_V1_1.xml,Stagecoach South,PH0005857:165,64,07:15:00,273,PT0M0S,5152
9066-None--SCSO-Winchester-2025-09-14-Winchester_01Jun26_live__SCSO_PH0005857_122_20260612-BODS_V1_1.xml,Stagecoach South,PH0005857:122,66,07:10:00,369,PT0M0S,4164
9066-None--SCSO-Winchester-2025-09-14-Winchester_23July26__SCSO_PH0005857_122_20260723-BODS_V1_1.xml,Stagecoach South,PH0005857:122,66,07:10:00,369,PT0M0S,4164
9067-None--SCSO-Winchester-2025-09-14-Winchester_01Jun26_live_(2)__SCSO_PH0005857_167_20260606-BODS_V1_1.xml,Stagecoach South,PH0005857:167,67,07:15:00,399,PT0M0S,2048
9067-None--SCSO-Winchester-2025-09-14-Winchester_23July26__SCSO_PH0005857_167_20260723-BODS_V1_1.xml,Stagecoach South,PH0005857:167,67,07:25:00,399,PT0M0S,1712
9067-None--SCSO-Winchester-2025-09-14-Winchester_30Aug26__SCSO_PH0005857_167_20260830-BODS_V1_1.xml,Stagecoach South,PH0005857:167,67,07:10:00,399,PT0M0S,3080
9068-None--SCSO-Winchester-2025-09-14-Winchester_01Jun26_live_(2)__SCSO_PH0005857_244_20260606-BODS_V1_1.xml,Stagecoach South,PH0005857:244,68,07:23:00,317,PT0M0S,720
9069-None--SCSO-Winchester-2025-09-14-Winchester_01Jun26_live__SCSO_PH0005857_168_20260612-BODS_V1_1.xml,Stagecoach South,PH0005857:168,69,07:40:00,503,PT0M0S,6716
9069-None--SCSO-Winchester-2025-09-14-Winchester_23July26__SCSO_PH0005857_168_20260723-BODS_V1_1.xml,Stagecoach South,PH0005857:168,69,07:40:00,503,PT0M0S,5997
9069-None--SCSO-Winchester-2025-09-14-Winchester_30Aug26__SCSO_PH0005857_168_20260830-BODS_V1_1.xml,Stagecoach South,PH0005857:168,69,07:40:00,503,PT0M0S,6757
9086-None--SCSO-Andover-2025-08-31-AR_12Oct25__SCSO_PH0005857_322_20260612-BODS_V1_1.xml,Stagecoach South,PH0005857:322,86,07:30:00,273,PT0M0S,502
9100-None--SCSO-Winchester-2025-09-14-Winchester_01Jun26_live__SCSO_PH0005857_169_20260612-BODS_V1_1.xml,Stagecoach South,PH0005857:169,WPR,06:25:00,423,PT0M0S,965
9100-None--SCSO-Winchester-2025-09-14-Winchester_23July26__SCSO_PH0005857_169_20260723-BODS_V1_1.xml,Stagecoach South,PH0005857:169,WPR,06:25:00,423,PT0M0S,965
9149-None--SCSO-Winchester-2025-09-14-Winchester_01Jun26_live_(2)__SCSO_PH0005857_307_20260606-BODS_V1_1.xml,Stagecoach South,PH0005857:307,49h,09:45:00,1417,PT0M0S,274
9149-None--SCSO-Winchester-2025-09-14-Winchester_23July26__SCSO_PH0005857_307_20260723-BODS_V1_1.xml,Stagecoach South,PH0005857:307,49h,09:45:00,1417,PT0M0S,274
9149-None--SCSO-Winchester-2025-09-14-Winchester_30Aug26__SCSO_PH0005857_307_20260830-BODS_V1_1.xml,Stagecoach South,PH0005857:307,49h,09:50:00,1417,PT0M0S,274
